{"euclidean5": {"mean_rank": 19135.690012999843, "MAP": 0.15436635690388528}, "euclidean10": {"mean_rank": 24628.782665801806, "MAP": 0.21555407149425543}, "euclidean20": {"mean_rank": 29724.82997795679, "MAP": 0.3699646044528137}, "euclidean50": {"mean_rank": 43344.65694414913, "MAP": 0.05429497864128472}, "euclidean100": {"mean_rank": 44121.44040528283, "MAP": 0.19590920601721717}, "euclidean200": {"mean_rank": 44870.71961791771, "MAP": 0.20308397087270813}, "poincare5": {"mean_rank": 452.4131325310933, "MAP": 0.07006289287071325}, "poincare10": {"mean_rank": 374.90862699606777, "MAP": 0.11425194091008672}, "poincare20": {"mean_rank": 276.53481427452544, "MAP": 0.154692186470772}, "poincare50": {"mean_rank": 356.43642324037864, "MAP": 0.1362795265890306}, "poincare100": {"mean_rank": 57515.13838775054, "MAP": 0.016372339618727794}, "poincare200": {"mean_rank": 57872.47052023588, "MAP": 0.015985079210507958}, "lorentz5": {"mean_rank": 38493.351602640876, "MAP": 0.022939781894226543}, "lorentz10": {"mean_rank": 40194.5618003838, "MAP": 0.023238317186690467}, "lorentz20": {"mean_rank": 40427.640440002906, "MAP": 0.023651372917493276}, "lorentz50": {"mean_rank": 46435.08612462084, "MAP": 0.0211211501046308}, "lorentz100": {"mean_rank": 54826.68837119795, "MAP": 0.01597923611085347}, "lorentz200": {"mean_rank": 18476.75859321801, "MAP": 0.02688979389953956}}